{"[:name, :display_name]":0.9358667316800323,"[:login, :display_name]":0.3490442268810773,"[:blog, :website_url]":4.2533073179160175,"[:location, :location]":3.433138238009692,"[:login, :github_username]":4.763856352843751,"[:twitter_username, :twitter_username]":1.2678764858744844,"[:domains, :domains]":1.3651618526903282,"[:usernames, :usernames]":4.2207444941544425,"[:neo_id, :neo_id]":1.8281647934139134}